0.411764706,0.294117647,0.176470588,0,0.058823529,0,0,0,0.058823529,0,0,0,0,0,0,0,0,0,0,0,,,,,,,,,,,,,,,,,,,,
0.294117647,0.529411765,0.058823529,0,0.058823529,0.058823529,0,0,0,0,0,0,0,0,0,0,0,0,0,0,,,,,,,,,,,,,,,,,,,,
0.333333333,0.222222222,0.222222222,0,0.111111111,0,0.111111111,0,0,0,0,0,0,0,0,0,0,0,0,0,,,,,,,,,,,,,,,,,,,,
0.05,0.05,0.05,0.05,0.05,0.05,0.05,0.05,0.05,0.05,0.05,0.05,0.05,0.05,0.05,0.05,0.05,0.05,0.05,0.05,,,,,,,,,,,,,,,,,,,,
0,0.333333333,0.666666667,0,0,0,0,0,0,0,0,0,0,0,0,0,0,0,0,0,,,,,,,,,,,,,,,,,,,,
1,0,0,0,0,0,0,0,0,0,0,0,0,0,0,0,0,0,0,0,,,,,,,,,,,,,,,,,,,,
1,0,0,0,0,0,0,0,0,0,0,0,0,0,0,0,0,0,0,0,,,,,,,,,,,,,,,,,,,,
0.05,0.05,0.05,0.05,0.05,0.05,0.05,0.05,0.05,0.05,0.05,0.05,0.05,0.05,0.05,0.05,0.05,0.05,0.05,0.05,,,,,,,,,,,,,,,,,,,,
0,0,1,0,0,0,0,0,0,0,0,0,0,0,0,0,0,0,0,0,,,,,,,,,,,,,,,,,,,,
0.05,0.05,0.05,0.05,0.05,0.05,0.05,0.05,0.05,0.05,0.05,0.05,0.05,0.05,0.05,0.05,0.05,0.05,0.05,0.05,,,,,,,,,,,,,,,,,,,,
0.05,0.05,0.05,0.05,0.05,0.05,0.05,0.05,0.05,0.05,0.05,0.05,0.05,0.05,0.05,0.05,0.05,0.05,0.05,0.05,,,,,,,,,,,,,,,,,,,,
0.05,0.05,0.05,0.05,0.05,0.05,0.05,0.05,0.05,0.05,0.05,0.05,0.05,0.05,0.05,0.05,0.05,0.05,0.05,0.05,,,,,,,,,,,,,,,,,,,,
0.05,0.05,0.05,0.05,0.05,0.05,0.05,0.05,0.05,0.05,0.05,0.05,0.05,0.05,0.05,0.05,0.05,0.05,0.05,0.05,,,,,,,,,,,,,,,,,,,,
0.05,0.05,0.05,0.05,0.05,0.05,0.05,0.05,0.05,0.05,0.05,0.05,0.05,0.05,0.05,0.05,0.05,0.05,0.05,0.05,,,,,,,,,,,,,,,,,,,,
0.05,0.05,0.05,0.05,0.05,0.05,0.05,0.05,0.05,0.05,0.05,0.05,0.05,0.05,0.05,0.05,0.05,0.05,0.05,0.05,,,,,,,,,,,,,,,,,,,,
0.05,0.05,0.05,0.05,0.05,0.05,0.05,0.05,0.05,0.05,0.05,0.05,0.05,0.05,0.05,0.05,0.05,0.05,0.05,0.05,,,,,,,,,,,,,,,,,,,,
0.05,0.05,0.05,0.05,0.05,0.05,0.05,0.05,0.05,0.05,0.05,0.05,0.05,0.05,0.05,0.05,0.05,0.05,0.05,0.05,,,,,,,,,,,,,,,,,,,,
0.05,0.05,0.05,0.05,0.05,0.05,0.05,0.05,0.05,0.05,0.05,0.05,0.05,0.05,0.05,0.05,0.05,0.05,0.05,0.05,,,,,,,,,,,,,,,,,,,,
0.05,0.05,0.05,0.05,0.05,0.05,0.05,0.05,0.05,0.05,0.05,0.05,0.05,0.05,0.05,0.05,0.05,0.05,0.05,0.05,,,,,,,,,,,,,,,,,,,,
0.05,0.05,0.05,0.05,0.05,0.05,0.05,0.05,0.05,0.05,0.05,0.05,0.05,0.05,0.05,0.05,0.05,0.05,0.05,0.05,0.421052632,0.210526316,0.157894737,0.105263158,0,0,0.052631579,0,0.052631579,0,0,0,0,0,0,0,0,0,0,0
0.428571429,0,0.285714286,0.285714286,0,0,0,0,0,0,0,0,0,0,0,0,0,0,0,0,,,,,,,,,,,,,,,,,,,,
0.5,0.1,0.3,0,0.1,0,0,0,0,0,0,0,0,0,0,0,0,0,0,0,,,,,,,,,,,,,,,,,,,,
0.166666667,0,0.333333333,0,0.166666667,0.333333333,0,0,0,0,0,0,0,0,0,0,0,0,0,0,,,,,,,,,,,,,,,,,,,,
0.4,0,0,0.2,0.2,0.2,0,0,0,0,0,0,0,0,0,0,0,0,0,0,,,,,,,,,,,,,,,,,,,,
0.333333333,0.333333333,0,0,0.333333333,0,0,0,0,0,0,0,0,0,0,0,0,0,0,0,,,,,,,,,,,,,,,,,,,,
0,0,0,1,0,0,0,0,0,0,0,0,0,0,0,0,0,0,0,0,,,,,,,,,,,,,,,,,,,,
0.05,0.05,0.05,0.05,0.05,0.05,0.05,0.05,0.05,0.05,0.05,0.05,0.05,0.05,0.05,0.05,0.05,0.05,0.05,0.05,,,,,,,,,,,,,,,,,,,,
0,0,0,0,1,0,0,0,0,0,0,0,0,0,0,0,0,0,0,0,,,,,,,,,,,,,,,,,,,,
0.05,0.05,0.05,0.05,0.05,0.05,0.05,0.05,0.05,0.05,0.05,0.05,0.05,0.05,0.05,0.05,0.05,0.05,0.05,0.05,,,,,,,,,,,,,,,,,,,,
0.05,0.05,0.05,0.05,0.05,0.05,0.05,0.05,0.05,0.05,0.05,0.05,0.05,0.05,0.05,0.05,0.05,0.05,0.05,0.05,,,,,,,,,,,,,,,,,,,,
0.05,0.05,0.05,0.05,0.05,0.05,0.05,0.05,0.05,0.05,0.05,0.05,0.05,0.05,0.05,0.05,0.05,0.05,0.05,0.05,,,,,,,,,,,,,,,,,,,,
0.05,0.05,0.05,0.05,0.05,0.05,0.05,0.05,0.05,0.05,0.05,0.05,0.05,0.05,0.05,0.05,0.05,0.05,0.05,0.05,,,,,,,,,,,,,,,,,,,,
0.05,0.05,0.05,0.05,0.05,0.05,0.05,0.05,0.05,0.05,0.05,0.05,0.05,0.05,0.05,0.05,0.05,0.05,0.05,0.05,,,,,,,,,,,,,,,,,,,,
0.05,0.05,0.05,0.05,0.05,0.05,0.05,0.05,0.05,0.05,0.05,0.05,0.05,0.05,0.05,0.05,0.05,0.05,0.05,0.05,,,,,,,,,,,,,,,,,,,,
0.05,0.05,0.05,0.05,0.05,0.05,0.05,0.05,0.05,0.05,0.05,0.05,0.05,0.05,0.05,0.05,0.05,0.05,0.05,0.05,,,,,,,,,,,,,,,,,,,,
0.05,0.05,0.05,0.05,0.05,0.05,0.05,0.05,0.05,0.05,0.05,0.05,0.05,0.05,0.05,0.05,0.05,0.05,0.05,0.05,,,,,,,,,,,,,,,,,,,,
0.05,0.05,0.05,0.05,0.05,0.05,0.05,0.05,0.05,0.05,0.05,0.05,0.05,0.05,0.05,0.05,0.05,0.05,0.05,0.05,,,,,,,,,,,,,,,,,,,,
0.05,0.05,0.05,0.05,0.05,0.05,0.05,0.05,0.05,0.05,0.05,0.05,0.05,0.05,0.05,0.05,0.05,0.05,0.05,0.05,,,,,,,,,,,,,,,,,,,,
0.05,0.05,0.05,0.05,0.05,0.05,0.05,0.05,0.05,0.05,0.05,0.05,0.05,0.05,0.05,0.05,0.05,0.05,0.05,0.05,0.675675676,0.216216216,0.054054054,0,0,0,0,0.027027027,0,0,0,0.027027027,0,0,0,0,0,0,0,0
0.5,0.125,0.375,0,0,0,0,0,0,0,0,0,0,0,0,0,0,0,0,0,,,,,,,,,,,,,,,,,,,,
1,0,0,0,0,0,0,0,0,0,0,0,0,0,0,0,0,0,0,0,,,,,,,,,,,,,,,,,,,,
0.05,0.05,0.05,0.05,0.05,0.05,0.05,0.05,0.05,0.05,0.05,0.05,0.05,0.05,0.05,0.05,0.05,0.05,0.05,0.05,,,,,,,,,,,,,,,,,,,,
0.05,0.05,0.05,0.05,0.05,0.05,0.05,0.05,0.05,0.05,0.05,0.05,0.05,0.05,0.05,0.05,0.05,0.05,0.05,0.05,,,,,,,,,,,,,,,,,,,,
0.05,0.05,0.05,0.05,0.05,0.05,0.05,0.05,0.05,0.05,0.05,0.05,0.05,0.05,0.05,0.05,0.05,0.05,0.05,0.05,,,,,,,,,,,,,,,,,,,,
0.05,0.05,0.05,0.05,0.05,0.05,0.05,0.05,0.05,0.05,0.05,0.05,0.05,0.05,0.05,0.05,0.05,0.05,0.05,0.05,,,,,,,,,,,,,,,,,,,,
1,0,0,0,0,0,0,0,0,0,0,0,0,0,0,0,0,0,0,0,,,,,,,,,,,,,,,,,,,,
0.05,0.05,0.05,0.05,0.05,0.05,0.05,0.05,0.05,0.05,0.05,0.05,0.05,0.05,0.05,0.05,0.05,0.05,0.05,0.05,,,,,,,,,,,,,,,,,,,,
0.05,0.05,0.05,0.05,0.05,0.05,0.05,0.05,0.05,0.05,0.05,0.05,0.05,0.05,0.05,0.05,0.05,0.05,0.05,0.05,,,,,,,,,,,,,,,,,,,,
0.05,0.05,0.05,0.05,0.05,0.05,0.05,0.05,0.05,0.05,0.05,0.05,0.05,0.05,0.05,0.05,0.05,0.05,0.05,0.05,,,,,,,,,,,,,,,,,,,,
1,0,0,0,0,0,0,0,0,0,0,0,0,0,0,0,0,0,0,0,,,,,,,,,,,,,,,,,,,,
0.05,0.05,0.05,0.05,0.05,0.05,0.05,0.05,0.05,0.05,0.05,0.05,0.05,0.05,0.05,0.05,0.05,0.05,0.05,0.05,,,,,,,,,,,,,,,,,,,,
0.05,0.05,0.05,0.05,0.05,0.05,0.05,0.05,0.05,0.05,0.05,0.05,0.05,0.05,0.05,0.05,0.05,0.05,0.05,0.05,,,,,,,,,,,,,,,,,,,,
0.05,0.05,0.05,0.05,0.05,0.05,0.05,0.05,0.05,0.05,0.05,0.05,0.05,0.05,0.05,0.05,0.05,0.05,0.05,0.05,,,,,,,,,,,,,,,,,,,,
0.05,0.05,0.05,0.05,0.05,0.05,0.05,0.05,0.05,0.05,0.05,0.05,0.05,0.05,0.05,0.05,0.05,0.05,0.05,0.05,,,,,,,,,,,,,,,,,,,,
0.05,0.05,0.05,0.05,0.05,0.05,0.05,0.05,0.05,0.05,0.05,0.05,0.05,0.05,0.05,0.05,0.05,0.05,0.05,0.05,,,,,,,,,,,,,,,,,,,,
0.05,0.05,0.05,0.05,0.05,0.05,0.05,0.05,0.05,0.05,0.05,0.05,0.05,0.05,0.05,0.05,0.05,0.05,0.05,0.05,,,,,,,,,,,,,,,,,,,,
0.05,0.05,0.05,0.05,0.05,0.05,0.05,0.05,0.05,0.05,0.05,0.05,0.05,0.05,0.05,0.05,0.05,0.05,0.05,0.05,,,,,,,,,,,,,,,,,,,,
0.05,0.05,0.05,0.05,0.05,0.05,0.05,0.05,0.05,0.05,0.05,0.05,0.05,0.05,0.05,0.05,0.05,0.05,0.05,0.05,0.235294118,0.176470588,0,0.176470588,0,0.176470588,0.058823529,0.058823529,0,0,0,0.058823529,0.058823529,0,0,0,0,0,0,0
0.25,0.125,0,0,0.125,0,0,0,0,0.125,0.25,0,0,0,0,0,0,0,0.125,0,,,,,,,,,,,,,,,,,,,,
0,0.375,0.25,0,0,0.125,0,0,0,0.125,0,0.125,0,0,0,0,0,0,0,0,,,,,,,,,,,,,,,,,,,,
0.142857143,0,0.142857143,0.285714286,0.142857143,0,0.142857143,0.142857143,0,0,0,0,0,0,0,0,0,0,0,0,,,,,,,,,,,,,,,,,,,,
0.285714286,0.142857143,0.142857143,0,0.142857143,0.142857143,0,0,0,0,0,0.142857143,0,0,0,0,0,0,0,0,,,,,,,,,,,,,,,,,,,,
0.25,0,0.083333333,0.083333333,0.166666667,0.25,0,0.083333333,0,0.083333333,0,0,0,0,0,0,0,0,0,0,,,,,,,,,,,,,,,,,,,,
0,0,0,0,0.333333333,0.333333333,0,0,0,0,0,0,0,0,0.333333333,0,0,0,0,0,,,,,,,,,,,,,,,,,,,,
0,0,0.333333333,0,0.333333333,0.333333333,0,0,0,0,0,0,0,0,0,0,0,0,0,0,,,,,,,,,,,,,,,,,,,,
1,0,0,0,0,0,0,0,0,0,0,0,0,0,0,0,0,0,0,0,,,,,,,,,,,,,,,,,,,,
0,0,0,0,0,0.333333333,0.333333333,0,0,0,0.333333333,0,0,0,0,0,0,0,0,0,,,,,,,,,,,,,,,,,,,,
0.5,0,0.25,0,0,0.25,0,0,0,0,0,0,0,0,0,0,0,0,0,0,,,,,,,,,,,,,,,,,,,,
0.666666667,0,0,0,0,0,0,0,0,0,0.333333333,0,0,0,0,0,0,0,0,0,,,,,,,,,,,,,,,,,,,,
0,1,0,0,0,0,0,0,0,0,0,0,0,0,0,0,0,0,0,0,,,,,,,,,,,,,,,,,,,,
0.05,0.05,0.05,0.05,0.05,0.05,0.05,0.05,0.05,0.05,0.05,0.05,0.05,0.05,0.05,0.05,0.05,0.05,0.05,0.05,,,,,,,,,,,,,,,,,,,,
0,0,0,1,0,0,0,0,0,0,0,0,0,0,0,0,0,0,0,0,,,,,,,,,,,,,,,,,,,,
0.05,0.05,0.05,0.05,0.05,0.05,0.05,0.05,0.05,0.05,0.05,0.05,0.05,0.05,0.05,0.05,0.05,0.05,0.05,0.05,,,,,,,,,,,,,,,,,,,,
0.05,0.05,0.05,0.05,0.05,0.05,0.05,0.05,0.05,0.05,0.05,0.05,0.05,0.05,0.05,0.05,0.05,0.05,0.05,0.05,,,,,,,,,,,,,,,,,,,,
0.05,0.05,0.05,0.05,0.05,0.05,0.05,0.05,0.05,0.05,0.05,0.05,0.05,0.05,0.05,0.05,0.05,0.05,0.05,0.05,,,,,,,,,,,,,,,,,,,,
0,0,1,0,0,0,0,0,0,0,0,0,0,0,0,0,0,0,0,0,,,,,,,,,,,,,,,,,,,,
0.05,0.05,0.05,0.05,0.05,0.05,0.05,0.05,0.05,0.05,0.05,0.05,0.05,0.05,0.05,0.05,0.05,0.05,0.05,0.05,0.540540541,0.027027027,0.189189189,0.135135135,0.027027027,0.027027027,0.027027027,0.027027027,0,0,0,0,0,0,0,0,0,0,0,0
0.454545455,0.181818182,0.181818182,0.090909091,0,0,0.090909091,0,0,0,0,0,0,0,0,0,0,0,0,0,,,,,,,,,,,,,,,,,,,,
0.444444444,0.222222222,0.166666667,0.111111111,0,0.055555556,0,0,0,0,0,0,0,0,0,0,0,0,0,0,,,,,,,,,,,,,,,,,,,,
0.3,0.2,0.4,0.1,0,0,0,0,0,0,0,0,0,0,0,0,0,0,0,0,,,,,,,,,,,,,,,,,,,,
0,0,1,0,0,0,0,0,0,0,0,0,0,0,0,0,0,0,0,0,,,,,,,,,,,,,,,,,,,,
0.5,0.5,0,0,0,0,0,0,0,0,0,0,0,0,0,0,0,0,0,0,,,,,,,,,,,,,,,,,,,,
0,0,0.5,0.5,0,0,0,0,0,0,0,0,0,0,0,0,0,0,0,0,,,,,,,,,,,,,,,,,,,,
0,1,0,0,0,0,0,0,0,0,0,0,0,0,0,0,0,0,0,0,,,,,,,,,,,,,,,,,,,,
0.05,0.05,0.05,0.05,0.05,0.05,0.05,0.05,0.05,0.05,0.05,0.05,0.05,0.05,0.05,0.05,0.05,0.05,0.05,0.05,,,,,,,,,,,,,,,,,,,,
0.05,0.05,0.05,0.05,0.05,0.05,0.05,0.05,0.05,0.05,0.05,0.05,0.05,0.05,0.05,0.05,0.05,0.05,0.05,0.05,,,,,,,,,,,,,,,,,,,,
0.05,0.05,0.05,0.05,0.05,0.05,0.05,0.05,0.05,0.05,0.05,0.05,0.05,0.05,0.05,0.05,0.05,0.05,0.05,0.05,,,,,,,,,,,,,,,,,,,,
0.05,0.05,0.05,0.05,0.05,0.05,0.05,0.05,0.05,0.05,0.05,0.05,0.05,0.05,0.05,0.05,0.05,0.05,0.05,0.05,,,,,,,,,,,,,,,,,,,,
0.05,0.05,0.05,0.05,0.05,0.05,0.05,0.05,0.05,0.05,0.05,0.05,0.05,0.05,0.05,0.05,0.05,0.05,0.05,0.05,,,,,,,,,,,,,,,,,,,,
0.05,0.05,0.05,0.05,0.05,0.05,0.05,0.05,0.05,0.05,0.05,0.05,0.05,0.05,0.05,0.05,0.05,0.05,0.05,0.05,,,,,,,,,,,,,,,,,,,,
0.05,0.05,0.05,0.05,0.05,0.05,0.05,0.05,0.05,0.05,0.05,0.05,0.05,0.05,0.05,0.05,0.05,0.05,0.05,0.05,,,,,,,,,,,,,,,,,,,,
0.05,0.05,0.05,0.05,0.05,0.05,0.05,0.05,0.05,0.05,0.05,0.05,0.05,0.05,0.05,0.05,0.05,0.05,0.05,0.05,,,,,,,,,,,,,,,,,,,,
0.05,0.05,0.05,0.05,0.05,0.05,0.05,0.05,0.05,0.05,0.05,0.05,0.05,0.05,0.05,0.05,0.05,0.05,0.05,0.05,,,,,,,,,,,,,,,,,,,,
0.05,0.05,0.05,0.05,0.05,0.05,0.05,0.05,0.05,0.05,0.05,0.05,0.05,0.05,0.05,0.05,0.05,0.05,0.05,0.05,,,,,,,,,,,,,,,,,,,,
0.05,0.05,0.05,0.05,0.05,0.05,0.05,0.05,0.05,0.05,0.05,0.05,0.05,0.05,0.05,0.05,0.05,0.05,0.05,0.05,,,,,,,,,,,,,,,,,,,,
0.05,0.05,0.05,0.05,0.05,0.05,0.05,0.05,0.05,0.05,0.05,0.05,0.05,0.05,0.05,0.05,0.05,0.05,0.05,0.05,0.618181818,0.163636364,0.127272727,0.036363636,0,0,0.036363636,0,0,0,0.018181818,0,0,0,0,0,0,0,0,0
0.583333333,0.25,0.166666667,0,0,0,0,0,0,0,0,0,0,0,0,0,0,0,0,0,,,,,,,,,,,,,,,,,,,,
1,0,0,0,0,0,0,0,0,0,0,0,0,0,0,0,0,0,0,0,,,,,,,,,,,,,,,,,,,,
1,0,0,0,0,0,0,0,0,0,0,0,0,0,0,0,0,0,0,0,,,,,,,,,,,,,,,,,,,,
0.05,0.05,0.05,0.05,0.05,0.05,0.05,0.05,0.05,0.05,0.05,0.05,0.05,0.05,0.05,0.05,0.05,0.05,0.05,0.05,,,,,,,,,,,,,,,,,,,,
0.05,0.05,0.05,0.05,0.05,0.05,0.05,0.05,0.05,0.05,0.05,0.05,0.05,0.05,0.05,0.05,0.05,0.05,0.05,0.05,,,,,,,,,,,,,,,,,,,,
1,0,0,0,0,0,0,0,0,0,0,0,0,0,0,0,0,0,0,0,,,,,,,,,,,,,,,,,,,,
0.05,0.05,0.05,0.05,0.05,0.05,0.05,0.05,0.05,0.05,0.05,0.05,0.05,0.05,0.05,0.05,0.05,0.05,0.05,0.05,,,,,,,,,,,,,,,,,,,,
0.05,0.05,0.05,0.05,0.05,0.05,0.05,0.05,0.05,0.05,0.05,0.05,0.05,0.05,0.05,0.05,0.05,0.05,0.05,0.05,,,,,,,,,,,,,,,,,,,,
0.05,0.05,0.05,0.05,0.05,0.05,0.05,0.05,0.05,0.05,0.05,0.05,0.05,0.05,0.05,0.05,0.05,0.05,0.05,0.05,,,,,,,,,,,,,,,,,,,,
0,0,1,0,0,0,0,0,0,0,0,0,0,0,0,0,0,0,0,0,,,,,,,,,,,,,,,,,,,,
0.05,0.05,0.05,0.05,0.05,0.05,0.05,0.05,0.05,0.05,0.05,0.05,0.05,0.05,0.05,0.05,0.05,0.05,0.05,0.05,,,,,,,,,,,,,,,,,,,,
0.05,0.05,0.05,0.05,0.05,0.05,0.05,0.05,0.05,0.05,0.05,0.05,0.05,0.05,0.05,0.05,0.05,0.05,0.05,0.05,,,,,,,,,,,,,,,,,,,,
0.05,0.05,0.05,0.05,0.05,0.05,0.05,0.05,0.05,0.05,0.05,0.05,0.05,0.05,0.05,0.05,0.05,0.05,0.05,0.05,,,,,,,,,,,,,,,,,,,,
0.05,0.05,0.05,0.05,0.05,0.05,0.05,0.05,0.05,0.05,0.05,0.05,0.05,0.05,0.05,0.05,0.05,0.05,0.05,0.05,,,,,,,,,,,,,,,,,,,,
0.05,0.05,0.05,0.05,0.05,0.05,0.05,0.05,0.05,0.05,0.05,0.05,0.05,0.05,0.05,0.05,0.05,0.05,0.05,0.05,,,,,,,,,,,,,,,,,,,,
0.05,0.05,0.05,0.05,0.05,0.05,0.05,0.05,0.05,0.05,0.05,0.05,0.05,0.05,0.05,0.05,0.05,0.05,0.05,0.05,,,,,,,,,,,,,,,,,,,,
0.05,0.05,0.05,0.05,0.05,0.05,0.05,0.05,0.05,0.05,0.05,0.05,0.05,0.05,0.05,0.05,0.05,0.05,0.05,0.05,,,,,,,,,,,,,,,,,,,,
0.05,0.05,0.05,0.05,0.05,0.05,0.05,0.05,0.05,0.05,0.05,0.05,0.05,0.05,0.05,0.05,0.05,0.05,0.05,0.05,,,,,,,,,,,,,,,,,,,,
0.05,0.05,0.05,0.05,0.05,0.05,0.05,0.05,0.05,0.05,0.05,0.05,0.05,0.05,0.05,0.05,0.05,0.05,0.05,0.05,0.621212121,0.242424242,0.075757576,0.03030303,0.015151515,0.015151515,0,0,0,0,0,0,0,0,0,0,0,0,0,0
0.608695652,0.217391304,0.086956522,0.043478261,0,0.043478261,0,0,0,0,0,0,0,0,0,0,0,0,0,0,,,,,,,,,,,,,,,,,,,,
0.444444444,0.333333333,0,0.222222222,0,0,0,0,0,0,0,0,0,0,0,0,0,0,0,0,,,,,,,,,,,,,,,,,,,,
0.8,0,0.2,0,0,0,0,0,0,0,0,0,0,0,0,0,0,0,0,0,,,,,,,,,,,,,,,,,,,,
0,0,1,0,0,0,0,0,0,0,0,0,0,0,0,0,0,0,0,0,,,,,,,,,,,,,,,,,,,,
1,0,0,0,0,0,0,0,0,0,0,0,0,0,0,0,0,0,0,0,,,,,,,,,,,,,,,,,,,,
0.05,0.05,0.05,0.05,0.05,0.05,0.05,0.05,0.05,0.05,0.05,0.05,0.05,0.05,0.05,0.05,0.05,0.05,0.05,0.05,,,,,,,,,,,,,,,,,,,,
0.05,0.05,0.05,0.05,0.05,0.05,0.05,0.05,0.05,0.05,0.05,0.05,0.05,0.05,0.05,0.05,0.05,0.05,0.05,0.05,,,,,,,,,,,,,,,,,,,,
0.05,0.05,0.05,0.05,0.05,0.05,0.05,0.05,0.05,0.05,0.05,0.05,0.05,0.05,0.05,0.05,0.05,0.05,0.05,0.05,,,,,,,,,,,,,,,,,,,,
0.05,0.05,0.05,0.05,0.05,0.05,0.05,0.05,0.05,0.05,0.05,0.05,0.05,0.05,0.05,0.05,0.05,0.05,0.05,0.05,,,,,,,,,,,,,,,,,,,,
0.05,0.05,0.05,0.05,0.05,0.05,0.05,0.05,0.05,0.05,0.05,0.05,0.05,0.05,0.05,0.05,0.05,0.05,0.05,0.05,,,,,,,,,,,,,,,,,,,,
0.05,0.05,0.05,0.05,0.05,0.05,0.05,0.05,0.05,0.05,0.05,0.05,0.05,0.05,0.05,0.05,0.05,0.05,0.05,0.05,,,,,,,,,,,,,,,,,,,,
0.05,0.05,0.05,0.05,0.05,0.05,0.05,0.05,0.05,0.05,0.05,0.05,0.05,0.05,0.05,0.05,0.05,0.05,0.05,0.05,,,,,,,,,,,,,,,,,,,,
0.05,0.05,0.05,0.05,0.05,0.05,0.05,0.05,0.05,0.05,0.05,0.05,0.05,0.05,0.05,0.05,0.05,0.05,0.05,0.05,,,,,,,,,,,,,,,,,,,,
0.05,0.05,0.05,0.05,0.05,0.05,0.05,0.05,0.05,0.05,0.05,0.05,0.05,0.05,0.05,0.05,0.05,0.05,0.05,0.05,,,,,,,,,,,,,,,,,,,,
0.05,0.05,0.05,0.05,0.05,0.05,0.05,0.05,0.05,0.05,0.05,0.05,0.05,0.05,0.05,0.05,0.05,0.05,0.05,0.05,,,,,,,,,,,,,,,,,,,,
0.05,0.05,0.05,0.05,0.05,0.05,0.05,0.05,0.05,0.05,0.05,0.05,0.05,0.05,0.05,0.05,0.05,0.05,0.05,0.05,,,,,,,,,,,,,,,,,,,,
0.05,0.05,0.05,0.05,0.05,0.05,0.05,0.05,0.05,0.05,0.05,0.05,0.05,0.05,0.05,0.05,0.05,0.05,0.05,0.05,,,,,,,,,,,,,,,,,,,,
0.05,0.05,0.05,0.05,0.05,0.05,0.05,0.05,0.05,0.05,0.05,0.05,0.05,0.05,0.05,0.05,0.05,0.05,0.05,0.05,,,,,,,,,,,,,,,,,,,,
0.05,0.05,0.05,0.05,0.05,0.05,0.05,0.05,0.05,0.05,0.05,0.05,0.05,0.05,0.05,0.05,0.05,0.05,0.05,0.05,0.530612245,0.081632653,0.12244898,0.102040816,0.12244898,0.020408163,0,0.020408163,0,0,0,0,0,0,0,0,0,0,0,0
0.4,0.35,0.1,0.05,0.05,0.05,0,0,0,0,0,0,0,0,0,0,0,0,0,0,,,,,,,,,,,,,,,,,,,,
0.357142857,0.357142857,0.071428571,0.142857143,0,0.071428571,0,0,0,0,0,0,0,0,0,0,0,0,0,0,,,,,,,,,,,,,,,,,,,,
0.444444444,0.222222222,0.222222222,0,0.111111111,0,0,0,0,0,0,0,0,0,0,0,0,0,0,0,,,,,,,,,,,,,,,,,,,,
0.375,0.375,0.25,0,0,0,0,0,0,0,0,0,0,0,0,0,0,0,0,0,,,,,,,,,,,,,,,,,,,,
0.333333333,0,0.333333333,0.333333333,0,0,0,0,0,0,0,0,0,0,0,0,0,0,0,0,,,,,,,,,,,,,,,,,,,,
0.05,0.05,0.05,0.05,0.05,0.05,0.05,0.05,0.05,0.05,0.05,0.05,0.05,0.05,0.05,0.05,0.05,0.05,0.05,0.05,,,,,,,,,,,,,,,,,,,,
0,0,0,0,0,0,0,0,0,1,0,0,0,0,0,0,0,0,0,0,,,,,,,,,,,,,,,,,,,,
0.05,0.05,0.05,0.05,0.05,0.05,0.05,0.05,0.05,0.05,0.05,0.05,0.05,0.05,0.05,0.05,0.05,0.05,0.05,0.05,,,,,,,,,,,,,,,,,,,,
0.5,0,0,0,0,0,0,0,0,0.5,0,0,0,0,0,0,0,0,0,0,,,,,,,,,,,,,,,,,,,,
0.05,0.05,0.05,0.05,0.05,0.05,0.05,0.05,0.05,0.05,0.05,0.05,0.05,0.05,0.05,0.05,0.05,0.05,0.05,0.05,,,,,,,,,,,,,,,,,,,,
0.05,0.05,0.05,0.05,0.05,0.05,0.05,0.05,0.05,0.05,0.05,0.05,0.05,0.05,0.05,0.05,0.05,0.05,0.05,0.05,,,,,,,,,,,,,,,,,,,,
0.05,0.05,0.05,0.05,0.05,0.05,0.05,0.05,0.05,0.05,0.05,0.05,0.05,0.05,0.05,0.05,0.05,0.05,0.05,0.05,,,,,,,,,,,,,,,,,,,,
0.05,0.05,0.05,0.05,0.05,0.05,0.05,0.05,0.05,0.05,0.05,0.05,0.05,0.05,0.05,0.05,0.05,0.05,0.05,0.05,,,,,,,,,,,,,,,,,,,,
0.05,0.05,0.05,0.05,0.05,0.05,0.05,0.05,0.05,0.05,0.05,0.05,0.05,0.05,0.05,0.05,0.05,0.05,0.05,0.05,,,,,,,,,,,,,,,,,,,,
0.05,0.05,0.05,0.05,0.05,0.05,0.05,0.05,0.05,0.05,0.05,0.05,0.05,0.05,0.05,0.05,0.05,0.05,0.05,0.05,,,,,,,,,,,,,,,,,,,,
0.05,0.05,0.05,0.05,0.05,0.05,0.05,0.05,0.05,0.05,0.05,0.05,0.05,0.05,0.05,0.05,0.05,0.05,0.05,0.05,,,,,,,,,,,,,,,,,,,,
0.05,0.05,0.05,0.05,0.05,0.05,0.05,0.05,0.05,0.05,0.05,0.05,0.05,0.05,0.05,0.05,0.05,0.05,0.05,0.05,,,,,,,,,,,,,,,,,,,,
0.05,0.05,0.05,0.05,0.05,0.05,0.05,0.05,0.05,0.05,0.05,0.05,0.05,0.05,0.05,0.05,0.05,0.05,0.05,0.05,,,,,,,,,,,,,,,,,,,,
0.05,0.05,0.05,0.05,0.05,0.05,0.05,0.05,0.05,0.05,0.05,0.05,0.05,0.05,0.05,0.05,0.05,0.05,0.05,0.05,0.404255319,0.191489362,0.170212766,0.085106383,0,0.021276596,0.063829787,0.042553191,0,0.021276596,0,0,0,0,0,0,0,0,0,0
0.277777778,0.222222222,0.111111111,0.222222222,0.055555556,0,0,0,0.055555556,0.055555556,0,0,0,0,0,0,0,0,0,0,,,,,,,,,,,,,,,,,,,,
0.6,0.133333333,0.133333333,0,0.066666667,0.066666667,0,0,0,0,0,0,0,0,0,0,0,0,0,0,,,,,,,,,,,,,,,,,,,,
0.545454545,0.090909091,0.181818182,0,0.181818182,0,0,0,0,0,0,0,0,0,0,0,0,0,0,0,,,,,,,,,,,,,,,,,,,,
0,0.5,0,0.25,0,0,0,0,0.25,0,0,0,0,0,0,0,0,0,0,0,,,,,,,,,,,,,,,,,,,,
1,0,0,0,0,0,0,0,0,0,0,0,0,0,0,0,0,0,0,0,,,,,,,,,,,,,,,,,,,,
0.333333333,0,0,0.666666667,0,0,0,0,0,0,0,0,0,0,0,0,0,0,0,0,,,,,,,,,,,,,,,,,,,,
0.5,0.5,0,0,0,0,0,0,0,0,0,0,0,0,0,0,0,0,0,0,,,,,,,,,,,,,,,,,,,,
0.5,0,0.5,0,0,0,0,0,0,0,0,0,0,0,0,0,0,0,0,0,,,,,,,,,,,,,,,,,,,,
1,0,0,0,0,0,0,0,0,0,0,0,0,0,0,0,0,0,0,0,,,,,,,,,,,,,,,,,,,,
0.05,0.05,0.05,0.05,0.05,0.05,0.05,0.05,0.05,0.05,0.05,0.05,0.05,0.05,0.05,0.05,0.05,0.05,0.05,0.05,,,,,,,,,,,,,,,,,,,,
0.05,0.05,0.05,0.05,0.05,0.05,0.05,0.05,0.05,0.05,0.05,0.05,0.05,0.05,0.05,0.05,0.05,0.05,0.05,0.05,,,,,,,,,,,,,,,,,,,,
0.05,0.05,0.05,0.05,0.05,0.05,0.05,0.05,0.05,0.05,0.05,0.05,0.05,0.05,0.05,0.05,0.05,0.05,0.05,0.05,,,,,,,,,,,,,,,,,,,,
0.05,0.05,0.05,0.05,0.05,0.05,0.05,0.05,0.05,0.05,0.05,0.05,0.05,0.05,0.05,0.05,0.05,0.05,0.05,0.05,,,,,,,,,,,,,,,,,,,,
0.05,0.05,0.05,0.05,0.05,0.05,0.05,0.05,0.05,0.05,0.05,0.05,0.05,0.05,0.05,0.05,0.05,0.05,0.05,0.05,,,,,,,,,,,,,,,,,,,,
0.05,0.05,0.05,0.05,0.05,0.05,0.05,0.05,0.05,0.05,0.05,0.05,0.05,0.05,0.05,0.05,0.05,0.05,0.05,0.05,,,,,,,,,,,,,,,,,,,,
0.05,0.05,0.05,0.05,0.05,0.05,0.05,0.05,0.05,0.05,0.05,0.05,0.05,0.05,0.05,0.05,0.05,0.05,0.05,0.05,,,,,,,,,,,,,,,,,,,,
0.05,0.05,0.05,0.05,0.05,0.05,0.05,0.05,0.05,0.05,0.05,0.05,0.05,0.05,0.05,0.05,0.05,0.05,0.05,0.05,,,,,,,,,,,,,,,,,,,,
0.05,0.05,0.05,0.05,0.05,0.05,0.05,0.05,0.05,0.05,0.05,0.05,0.05,0.05,0.05,0.05,0.05,0.05,0.05,0.05,,,,,,,,,,,,,,,,,,,,
0.05,0.05,0.05,0.05,0.05,0.05,0.05,0.05,0.05,0.05,0.05,0.05,0.05,0.05,0.05,0.05,0.05,0.05,0.05,0.05,0.333333333,0.066666667,0.133333333,0,0,0.133333333,0.2,0,0.066666667,0,0,0.066666667,0,0,0,0,0,0,0,0
0,0,0,0,0.25,0.25,0.25,0.25,0,0,0,0,0,0,0,0,0,0,0,0,,,,,,,,,,,,,,,,,,,,
0.333333333,0.166666667,0,0,0.166666667,0,0,0,0.166666667,0,0.166666667,0,0,0,0,0,0,0,0,0,,,,,,,,,,,,,,,,,,,,
0,0.5,0.5,0,0,0,0,0,0,0,0,0,0,0,0,0,0,0,0,0,,,,,,,,,,,,,,,,,,,,
0.2,0,0,0,0,0,0.2,0.2,0,0,0.2,0,0,0,0,0,0.2,0,0,0,,,,,,,,,,,,,,,,,,,,
0.166666667,0,0,0.166666667,0,0,0.333333333,0,0,0,0,0,0,0.166666667,0,0,0,0.166666667,0,0,,,,,,,,,,,,,,,,,,,,
0.071428571,0.071428571,0,0.071428571,0.214285714,0.071428571,0.142857143,0.142857143,0.071428571,0,0,0.071428571,0,0,0,0,0,0.071428571,0,0,,,,,,,,,,,,,,,,,,,,
0.1,0,0,0,0,0.1,0.1,0.3,0.1,0.1,0.1,0,0,0,0.1,0,0,0,0,0,,,,,,,,,,,,,,,,,,,,
0.2,0,0.6,0,0,0.2,0,0,0,0,0,0,0,0,0,0,0,0,0,0,,,,,,,,,,,,,,,,,,,,
0,0,0,0,0,0,0,1,0,0,0,0,0,0,0,0,0,0,0,0,,,,,,,,,,,,,,,,,,,,
0.333333333,0,0,0,0,0,0.333333333,0,0,0,0,0,0,0.333333333,0,0,0,0,0,0,,,,,,,,,,,,,,,,,,,,
0,0,0,0,0,0,0.5,0,0.5,0,0,0,0,0,0,0,0,0,0,0,,,,,,,,,,,,,,,,,,,,
0.05,0.05,0.05,0.05,0.05,0.05,0.05,0.05,0.05,0.05,0.05,0.05,0.05,0.05,0.05,0.05,0.05,0.05,0.05,0.05,,,,,,,,,,,,,,,,,,,,
0,0,0,0,0,0,1,0,0,0,0,0,0,0,0,0,0,0,0,0,,,,,,,,,,,,,,,,,,,,
1,0,0,0,0,0,0,0,0,0,0,0,0,0,0,0,0,0,0,0,,,,,,,,,,,,,,,,,,,,
0.05,0.05,0.05,0.05,0.05,0.05,0.05,0.05,0.05,0.05,0.05,0.05,0.05,0.05,0.05,0.05,0.05,0.05,0.05,0.05,,,,,,,,,,,,,,,,,,,,
1,0,0,0,0,0,0,0,0,0,0,0,0,0,0,0,0,0,0,0,,,,,,,,,,,,,,,,,,,,
0,0,0,0,0,0,0,1,0,0,0,0,0,0,0,0,0,0,0,0,,,,,,,,,,,,,,,,,,,,
0.05,0.05,0.05,0.05,0.05,0.05,0.05,0.05,0.05,0.05,0.05,0.05,0.05,0.05,0.05,0.05,0.05,0.05,0.05,0.05,,,,,,,,,,,,,,,,,,,,
0.05,0.05,0.05,0.05,0.05,0.05,0.05,0.05,0.05,0.05,0.05,0.05,0.05,0.05,0.05,0.05,0.05,0.05,0.05,0.05,0.25,0,0,0,0.125,0,0.25,0.125,0.125,0,0,0,0,0.125,0,0,0,0,0,0
0,0,0,0,0,0,0,0.666666667,0.333333333,0,0,0,0,0,0,0,0,0,0,0,,,,,,,,,,,,,,,,,,,,
0,0,0,0,0.4,0.4,0,0.2,0,0,0,0,0,0,0,0,0,0,0,0,,,,,,,,,,,,,,,,,,,,
0,0,0.25,0,0,0,0.5,0.25,0,0,0,0,0,0,0,0,0,0,0,0,,,,,,,,,,,,,,,,,,,,
0.25,0,0.125,0,0.125,0,0,0,0.125,0,0.25,0,0,0.125,0,0,0,0,0,0,,,,,,,,,,,,,,,,,,,,
0,0.142857143,0.142857143,0.142857143,0,0,0.142857143,0.142857143,0,0.285714286,0,0,0,0,0,0,0,0,0,0,,,,,,,,,,,,,,,,,,,,
0.166666667,0,0.166666667,0,0.166666667,0,0,0.166666667,0.333333333,0,0,0,0,0,0,0,0,0,0,0,,,,,,,,,,,,,,,,,,,,
0.1,0,0.1,0.1,0,0.1,0,0,0.1,0.3,0,0.1,0.1,0,0,0,0,0,0,0,,,,,,,,,,,,,,,,,,,,
0.125,0.125,0,0,0,0.125,0.125,0,0.125,0.125,0,0.125,0,0,0,0.125,0,0,0,0,,,,,,,,,,,,,,,,,,,,
0.166666667,0,0,0.166666667,0,0.166666667,0,0.166666667,0.166666667,0,0,0.166666667,0,0,0,0,0,0,0,0,,,,,,,,,,,,,,,,,,,,
0,0,0,0,0.333333333,0,0,0.333333333,0,0,0,0,0,0.333333333,0,0,0,0,0,0,,,,,,,,,,,,,,,,,,,,
0,0,0,0.333333333,0,0,0,0,0,0,0,0,0.333333333,0,0.333333333,0,0,0,0,0,,,,,,,,,,,,,,,,,,,,
0,0.5,0,0,0.5,0,0,0,0,0,0,0,0,0,0,0,0,0,0,0,,,,,,,,,,,,,,,,,,,,
0,0,0.333333333,0,0,0.666666667,0,0,0,0,0,0,0,0,0,0,0,0,0,0,,,,,,,,,,,,,,,,,,,,
0,0,0,0,0,0,0,0,0,0,1,0,0,0,0,0,0,0,0,0,,,,,,,,,,,,,,,,,,,,
0,0,0,0,0,0,0,1,0,0,0,0,0,0,0,0,0,0,0,0,,,,,,,,,,,,,,,,,,,,
0.05,0.05,0.05,0.05,0.05,0.05,0.05,0.05,0.05,0.05,0.05,0.05,0.05,0.05,0.05,0.05,0.05,0.05,0.05,0.05,,,,,,,,,,,,,,,,,,,,
0.05,0.05,0.05,0.05,0.05,0.05,0.05,0.05,0.05,0.05,0.05,0.05,0.05,0.05,0.05,0.05,0.05,0.05,0.05,0.05,,,,,,,,,,,,,,,,,,,,
0.05,0.05,0.05,0.05,0.05,0.05,0.05,0.05,0.05,0.05,0.05,0.05,0.05,0.05,0.05,0.05,0.05,0.05,0.05,0.05,,,,,,,,,,,,,,,,,,,,
0.05,0.05,0.05,0.05,0.05,0.05,0.05,0.05,0.05,0.05,0.05,0.05,0.05,0.05,0.05,0.05,0.05,0.05,0.05,0.05,0.111111111,0,0.222222222,0.111111111,0,0.111111111,0.333333333,0,0.111111111,0,0,0,0,0,0,0,0,0,0,0
0.5,0.25,0,0,0,0.25,0,0,0,0,0,0,0,0,0,0,0,0,0,0,,,,,,,,,,,,,,,,,,,,
0,0,0,0.25,0.25,0,0.125,0.125,0.125,0.125,0,0,0,0,0,0,0,0,0,0,,,,,,,,,,,,,,,,,,,,
0.1,0,0,0,0.2,0,0,0.1,0.2,0.1,0,0.1,0,0.2,0,0,0,0,0,0,,,,,,,,,,,,,,,,,,,,
0.2,0,0,0,0,0.4,0.2,0,0,0,0,0,0,0,0,0.2,0,0,0,0,,,,,,,,,,,,,,,,,,,,
0.1,0.1,0.1,0,0.1,0.2,0,0,0.3,0,0,0,0,0,0,0,0,0,0,0.1,,,,,,,,,,,,,,,,,,,,
0.111111111,0.111111111,0.222222222,0.111111111,0,0.111111111,0,0,0,0.111111111,0.111111111,0,0.111111111,0,0,0,0,0,0,0,,,,,,,,,,,,,,,,,,,,
0,0,0.666666667,0,0,0.333333333,0,0,0,0,0,0,0,0,0,0,0,0,0,0,,,,,,,,,,,,,,,,,,,,
0.142857143,0,0,0.428571429,0,0,0.428571429,0,0,0,0,0,0,0,0,0,0,0,0,0,,,,,,,,,,,,,,,,,,,,
0.25,0,0.25,0.25,0,0,0,0,0,0,0,0,0,0,0,0,0,0.25,0,0,,,,,,,,,,,,,,,,,,,,
0,0,0,0,0,0,0,0,0,0.5,0,0,0.5,0,0,0,0,0,0,0,,,,,,,,,,,,,,,,,,,,
0,0,0,0,0,1,0,0,0,0,0,0,0,0,0,0,0,0,0,0,,,,,,,,,,,,,,,,,,,,
0,0.5,0,0,0,0,0,0,0,0,0.5,0,0,0,0,0,0,0,0,0,,,,,,,,,,,,,,,,,,,,
0,0,0,0,0,0,1,0,0,0,0,0,0,0,0,0,0,0,0,0,,,,,,,,,,,,,,,,,,,,
0.05,0.05,0.05,0.05,0.05,0.05,0.05,0.05,0.05,0.05,0.05,0.05,0.05,0.05,0.05,0.05,0.05,0.05,0.05,0.05,,,,,,,,,,,,,,,,,,,,
0,0,0,0,0,1,0,0,0,0,0,0,0,0,0,0,0,0,0,0,,,,,,,,,,,,,,,,,,,,
0.05,0.05,0.05,0.05,0.05,0.05,0.05,0.05,0.05,0.05,0.05,0.05,0.05,0.05,0.05,0.05,0.05,0.05,0.05,0.05,,,,,,,,,,,,,,,,,,,,
0,0,0,0,0,0,0,1,0,0,0,0,0,0,0,0,0,0,0,0,,,,,,,,,,,,,,,,,,,,
0.05,0.05,0.05,0.05,0.05,0.05,0.05,0.05,0.05,0.05,0.05,0.05,0.05,0.05,0.05,0.05,0.05,0.05,0.05,0.05,,,,,,,,,,,,,,,,,,,,
0,0,0,1,0,0,0,0,0,0,0,0,0,0,0,0,0,0,0,0,,,,,,,,,,,,,,,,,,,,
